{
  "providers": {
    "awscloudformation": {
      "AuthRoleName": "amplify-rssfeed-staging-05031-authRole",
      "UnauthRoleArn": "arn:aws:iam::438456042666:role/amplify-rssfeed-staging-05031-unauthRole",
      "AuthRoleArn": "arn:aws:iam::438456042666:role/amplify-rssfeed-staging-05031-authRole",
      "Region": "us-east-1",
      "DeploymentBucketName": "amplify-rssfeed-staging-05031-deployment",
      "UnauthRoleName": "amplify-rssfeed-staging-05031-unauthRole",
      "StackName": "amplify-rssfeed-staging-05031",
      "StackId": "arn:aws:cloudformation:us-east-1:438456042666:stack/amplify-rssfeed-staging-05031/5bdde100-5591-11ed-918f-128a19809aeb",
      "AmplifyAppId": "dd10eenylw9l1"
    }
  },
  "api": {
    "rssfeed": {
      "service": "AppSync",
      "providerPlugin": "awscloudformation",
      "dependsOn": [],
      "output": {
        "authConfig": {
          "defaultAuthentication": {
            "authenticationType": "API_KEY",
            "apiKeyConfig": {
              "apiKeyExpirationDays": 30,
              "description": "api key description"
            }
          },
          "additionalAuthenticationProviders": [
            {
              "authenticationType": "AWS_IAM"
            }
          ]
        },
        "GraphQLAPIIdOutput": "knoshgftgnfqfpkzeaz5a2mdsu",
        "GraphQLAPIEndpointOutput": "https://u32kb73q7na53kzewgiqmgsxym.appsync-api.us-east-1.amazonaws.com/graphql",
        "GraphQLAPIKeyOutput": "da2-xifjkmoomzfxfnn4rgylbkmfby"
      },
      "providerMetadata": {
        "s3TemplateURL": "https://s3.amazonaws.com/amplify-rssfeed-staging-05031-deployment/amplify-cfn-templates/api/cloudformation-template.json",
        "logicalId": "apirssfeed"
      },
      "lastPushTimeStamp": "2022-10-27T00:57:14.354Z",
      "lastPushDirHash": "gvTPX0FJ3UHUR32KO1dQahtn2GE="
    }
  }
}