{
  "providers": {
    "awscloudformation": {
      "AuthRoleName": "amplify-rssfeed-staging-05031-authRole",
      "UnauthRoleArn": "arn:aws:iam::438456042666:role/amplify-rssfeed-staging-05031-unauthRole",
      "AuthRoleArn": "arn:aws:iam::438456042666:role/amplify-rssfeed-staging-05031-authRole",
      "Region": "us-east-1",
      "DeploymentBucketName": "amplify-rssfeed-staging-05031-deployment",
      "UnauthRoleName": "amplify-rssfeed-staging-05031-unauthRole",
      "StackName": "amplify-rssfeed-staging-05031",
      "StackId": "arn:aws:cloudformation:us-east-1:438456042666:stack/amplify-rssfeed-staging-05031/5bdde100-5591-11ed-918f-128a19809aeb",
      "AmplifyAppId": "dd10eenylw9l1"
    }
  }
}